{
    "cameras": {
        "Camera1": {
            "K": [
                [
                    1.1945368357487924,
                    0.0,
                    0.5112730555555556
                ],
                [
                    0.0,
                    1.4931710446859905,
                    0.45398159722222226
                ],
                [
                    0.0,
                    0.0,
                    1.0
                ]
            ],
            "Tw": [
                [
                    -0.04633107785835382,
                    -0.1306507650499234,
                    0.9903452977706074,
                    -624.0579909342257
                ],
                [
                    -0.9988140384937535,
                    -0.008793265243184044,
                    -0.04788731558734053,
                    524.7348264374986
                ],
                [
                    0.01496488330331017,
                    -0.9913894573164639,
                    -0.1300884168152014,
                    194.73802148598608
                ],
                [
                    0.0,
                    0.0,
                    0.0,
                    1.0
                ]
            ],
            "dist_coeffs": [
                -0.1626521541813195,
                0.06500095651895732,
                0,
                0
            ]
        },
        "Camera2": {
            "K": [
                [
                    1.9471823671497586,
                    0.0,
                    0.46554097222222224
                ],
                [
                    0.0,
                    2.433977958937198,
                    0.4932447916666666
                ],
                [
                    0.0,
                    0.0,
                    1.0
                ]
            ],
            "Tw": [
                [
                    0.5386991962445584,
                    0.10782367722838203,
                    -0.835570003407504,
                    1194.356106545541
                ],
                [
                    0.8424723621738044,
                    -0.07670471706694501,
                    0.5332510715910186,
                    -180.38527374133204
                ],
                [
                    -0.006595069276080087,
                    -0.9912065581949252,
                    -0.13215923748499042,
                    197.33939116534714
                ],
                [
                    0.0,
                    0.0,
                    0.0,
                    1.0
                ]
            ],
            "dist_coeffs": [
                0.09272529667118154,
                0.027039239968269447,
                0,
                0
            ]
        },
        "Camera0": {
            "K": [
                [
                    1.2166256038647345,
                    0.0,
                    0.5148877777777778
                ],
                [
                    0.0,
                    1.520782004830918,
                    0.4835197916666667
                ],
                [
                    0.0,
                    0.0,
                    1.0
                ]
            ],
            "Tw": [
                [
                    0.9998819135498811,
                    -0.014122401226768366,
                    0.00605943391894462,
                    177.4895331825224
                ],
                [
                    -0.007627303394110194,
                    -0.11375390190151914,
                    0.9934796797343737,
                    -505.1695948238738
                ],
                [
                    -0.0133410343962558,
                    -0.9934085803866249,
                    -0.11384818494586635,
                    192.3355987701535
                ],
                [
                    0.0,
                    0.0,
                    0.0,
                    1.0
                ]
            ],
            "dist_coeffs": [
                -0.18199865468677656,
                0.08056577985161999,
                0,
                0
            ]
        }
    }
}